<?xml version="1.0" encoding="UTF-8" standalone="no"?>
<raConfiguration version="4">
  <raBspConfiguration>
    <config id="config.bsp.ra">
      <property id="config.bsp.common.main_osc_populated" value="config.bsp.common.main_osc_populated.enabled"/>
      <property id="config.bsp.common.main_osc_clock_source" value="config.bsp.common.main_osc_clock_source.crystal"/>
      <property id="config.bsp.common.subclock_populated" value="config.bsp.common.subclock_populated.enabled"/>
      <property id="config.bsp.common.subclock_drive" value="config.bsp.common.subclock_drive.standard"/>
    </config>
  </raBspConfiguration>	
  <raClockConfiguration>
    <node id="board.clock.xtal.freq" mul="24000000" option="_edit"/>
    <node id="board.clock.hoco.freq" option="board.clock.hoco.freq.20m"/>
    <node id="board.clock.loco.freq" option="board.clock.loco.freq.32768"/>
    <node id="board.clock.moco.freq" option="board.clock.moco.freq.8m"/>
    <node id="board.clock.subclk.freq" option="board.clock.subclk.freq.32768"/>
    <node id="board.clock.pll.source" option="board.clock.pll.source.hoco"/>
    <node id="board.clock.pll.div" option="board.clock.pll.div.2"/>
    <node id="board.clock.pll.mul" option="board.clock.pll.mul.200"/>
    <node id="board.clock.pll.display" option="board.clock.pll.display.value"/>
    <node id="board.clock.pll2.source" option="board.clock.pll2.source.disabled"/>
    <node id="board.clock.pll2.div" option="board.clock.pll2.div.2"/>
    <node id="board.clock.pll2.mul" option="board.clock.pll2.mul.200"/>
    <node id="board.clock.pll2.display" option="board.clock.pll2.display.value"/>
    <node id="board.clock.clock.source" option="board.clock.clock.source.pll"/>
    <node id="board.clock.clkout.source" option="board.clock.clkout.source.disabled"/>
    <node id="board.clock.uclk.source" option="board.clock.uclk.source.disabled"/>
    <node id="board.clock.octaspiclk.source" option="board.clock.octaspiclk.source.disabled"/>
    <node id="board.clock.iclk.div" option="board.clock.iclk.div.1"/>
    <node id="board.clock.pclka.div" option="board.clock.pclka.div.2"/>
    <node id="board.clock.pclkb.div" option="board.clock.pclkb.div.4"/>
    <node id="board.clock.pclkc.div" option="board.clock.pclkc.div.4"/>
    <node id="board.clock.pclkd.div" option="board.clock.pclkd.div.2"/>
    <node id="board.clock.bclk.div" option="board.clock.bclk.div.2"/>
    <node id="board.clock.bclkout.div" option="board.clock.bclkout.div.2"/>
    <node id="board.clock.fclk.div" option="board.clock.fclk.div.4"/>
    <node id="board.clock.clkout.div" option="board.clock.clkout.div.1"/>
    <node id="board.clock.uclk.div" option="board.clock.uclk.div.5"/>
    <node id="board.clock.octaspiclk.div" option="board.clock.octaspiclk.div.1"/>
    <node id="board.clock.iclk.display" option="board.clock.iclk.display.value"/>
    <node id="board.clock.pclka.display" option="board.clock.pclka.display.value"/>
    <node id="board.clock.pclkb.display" option="board.clock.pclkb.display.value"/>
    <node id="board.clock.pclkc.display" option="board.clock.pclkc.display.value"/>
    <node id="board.clock.pclkd.display" option="board.clock.pclkd.display.value"/>
    <node id="board.clock.bclk.display" option="board.clock.bclk.display.value"/>
    <node id="board.clock.bclkout.display" option="board.clock.bclkout.display.value"/>
    <node id="board.clock.fclk.display" option="board.clock.fclk.display.value"/>
    <node id="board.clock.clkout.display" option="board.clock.clkout.display.value"/>
    <node id="board.clock.uclk.display" option="board.clock.uclk.display.value"/>
    <node id="board.clock.octaspiclk.display" option="board.clock.octaspiclk.display.value"/>
  </raClockConfiguration>  
  <raPinConfiguration>
    <symbolicName propertyId="p000.symbolic_name" value="ARDUINO_AN00"/>
    <symbolicName propertyId="p001.symbolic_name" value="ARDUINO_AN01"/>
    <symbolicName propertyId="p002.symbolic_name" value="ARDUINO_AN02"/>
    <symbolicName propertyId="p003.symbolic_name" value="ARDUINO_AN03"/>
    <symbolicName propertyId="p004.symbolic_name" value="ARDUINO_AN04"/>
    <symbolicName propertyId="p005.symbolic_name" value="ARDUINO_AN05"/>
    <symbolicName propertyId="p006.symbolic_name" value="PMODA_IRQ11"/>
    <symbolicName propertyId="p007.symbolic_name" value="J4_PIN23"/>
    <symbolicName propertyId="p008.symbolic_name" value="PMODA_IO1"/>
    <symbolicName propertyId="p009.symbolic_name" value="J4_PIN26"/>
    <symbolicName propertyId="p014.symbolic_name" value="PMODA_IO2"/>
    <symbolicName propertyId="p015.symbolic_name" value="PMODA_IO3"/>
    <symbolicName propertyId="p100.symbolic_name" value="J1_PIN1"/>
    <symbolicName propertyId="p101.symbolic_name" value="J2_PIN4"/>
    <symbolicName propertyId="p102.symbolic_name" value="J2_PIN6"/>
    <symbolicName propertyId="p103.symbolic_name" value="J1_PIN29"/>
    <symbolicName propertyId="p104.symbolic_name" value="J3_PIN39"/>
    <symbolicName propertyId="p105.symbolic_name" value="SW1"/>
    <symbolicName propertyId="p106.symbolic_name" value="LED3"/>
    <symbolicName propertyId="p107.symbolic_name" value="J3_PIN37"/>
	<symbolicName propertyId="p108.symbolic_name" value="DEBUG_SWDIO_TMS"/>
	<symbolicName propertyId="p109.symbolic_name" value="DEBUG_TDO"/>
	<symbolicName propertyId="p110.symbolic_name" value="DEBUG_TDI"/>
    <symbolicName propertyId="p111.symbolic_name" value="J1_PIN33"/>
	<symbolicName propertyId="p112.symbolic_name" value="J3_PIN15"/>
	<symbolicName propertyId="p113.symbolic_name" value="J3_PIN16"/>
	<symbolicName propertyId="p114.symbolic_name" value="J3_PIN17"/>
    <symbolicName propertyId="p115.symbolic_name" value="J3_PIN18"/>
	<symbolicName propertyId="p200.symbolic_name" value="NMI"/>
	<symbolicName propertyId="p201.symbolic_name" value="MD"/>
    <symbolicName propertyId="p202.symbolic_name" value="PMODA_MISO_RXD9"/>
    <symbolicName propertyId="p203.symbolic_name" value="PMODA_MOSI_TXD9"/>
    <symbolicName propertyId="p204.symbolic_name" value="PMODA_RSPCK"/>
    <symbolicName propertyId="p205.symbolic_name" value="PMODA_SSL_CTS9"/>
	<symbolicName propertyId="p206.symbolic_name" value="J1_PIN3"/>
	<symbolicName propertyId="p207.symbolic_name" value="J1_PIN8"/>
	<symbolicName propertyId="p208.symbolic_name" value="J1_PIN32"/>
	<symbolicName propertyId="p209.symbolic_name" value="J1_PIN30"/>
	<symbolicName propertyId="p210.symbolic_name" value="J1_PIN28"/>
	<symbolicName propertyId="p211.symbolic_name" value="J1_PIN22"/>
	<symbolicName propertyId="p212.symbolic_name" value="EXTAL"/>
	<symbolicName propertyId="p213.symbolic_name" value="XTAL"/>
	<symbolicName propertyId="p214.symbolic_name" value="J1_PIN20"/>
	<symbolicName propertyId="p300.symbolic_name" value="DEBUG_SWDCLK_TCK"/>
    <symbolicName propertyId="p301.symbolic_name" value="J1_PIN11"/>
	<symbolicName propertyId="p302.symbolic_name" value="J3_PIN14"/>
    <symbolicName propertyId="p303.symbolic_name" value="J3_PIN13"/>
    <symbolicName propertyId="p304.symbolic_name" value="J3_PIN12"/>
    <symbolicName propertyId="p305.symbolic_name" value="J3_PIN11"/>
    <symbolicName propertyId="p306.symbolic_name" value="J3_PIN10"/>
    <symbolicName propertyId="p307.symbolic_name" value="J3_PIN9"/>
    <symbolicName propertyId="p308.symbolic_name" value="J3_PIN8"/>
    <symbolicName propertyId="p309.symbolic_name" value="J3_PIN7"/>
    <symbolicName propertyId="p310.symbolic_name" value="J3_PIN6"/>
    <symbolicName propertyId="p311.symbolic_name" value="J3_PIN5"/>
    <symbolicName propertyId="p312.symbolic_name" value="J3_PIN4"/>
    <symbolicName propertyId="p313.symbolic_name" value="J1_PIN14"/>
    <symbolicName propertyId="p400.symbolic_name" value="J4_PIN13"/>
    <symbolicName propertyId="p401.symbolic_name" value="J4_PIN11"/>
    <symbolicName propertyId="p402.symbolic_name" value="J1_PIN27"/>
    <symbolicName propertyId="p403.symbolic_name" value="J4_PIN2"/>
    <symbolicName propertyId="p404.symbolic_name" value="J4_PIN4"/>
    <symbolicName propertyId="p405.symbolic_name" value="J4_PIN6"/>
    <symbolicName propertyId="p406.symbolic_name" value="J4_PIN8"/>
	<symbolicName propertyId="p407.symbolic_name" value="USB_VBUS_DETECT"/>
    <symbolicName propertyId="p408.symbolic_name" value="J2_PIN16"/>
    <symbolicName propertyId="p409.symbolic_name" value="J2_PIN18"/>
    <symbolicName propertyId="p410.symbolic_name" value="PMODB_MISO_RXD0"/>
    <symbolicName propertyId="p411.symbolic_name" value="PMODB_MOSI_TXD0"/>
    <symbolicName propertyId="p412.symbolic_name" value="PMODB_RSPCK"/>
    <symbolicName propertyId="p413.symbolic_name" value="PMODB_SSL_CTS0"/>
    <symbolicName propertyId="p414.symbolic_name" value="ARDUINO_RST"/>
    <symbolicName propertyId="p415.symbolic_name" value="PMODB_IO1"/>
    <symbolicName propertyId="p500.symbolic_name" value="USB_VBUS_EN"/>
    <symbolicName propertyId="p501.symbolic_name" value="USB_OC"/>
	<symbolicName propertyId="p502.symbolic_name" value="J4_PIN16"/>
	<symbolicName propertyId="p503.symbolic_name" value="PMODB_IO2"/>
	<symbolicName propertyId="p504.symbolic_name" value="PMODB_IO3"/>
    <symbolicName propertyId="p505.symbolic_name" value="DLS_IRQ14"/>
    <symbolicName propertyId="p506.symbolic_name" value="PMODB_IRQ15"/>
	<symbolicName propertyId="p507.symbolic_name" value="J4_PIN24"/>
    <symbolicName propertyId="p511.symbolic_name" value="DLS_SDA"/>
    <symbolicName propertyId="p512.symbolic_name" value="DLS_SCL"/>
    <symbolicName propertyId="p600.symbolic_name" value="J1_PIN23"/>
    <symbolicName propertyId="p601.symbolic_name" value="J1_PIN19"/>
	<symbolicName propertyId="p602.symbolic_name" value="J1_PIN21"/>
	<symbolicName propertyId="p603.symbolic_name" value="J1_PIN25"/>
	<symbolicName propertyId="p604.symbolic_name" value="J3_PIN36"/>
	<symbolicName propertyId="p605.symbolic_name" value="J3_PIN35"/>
	<symbolicName propertyId="p608.symbolic_name" value="J3_PIN19"/>
    <symbolicName propertyId="p609.symbolic_name" value="J3_PIN20"/>
    <symbolicName propertyId="p610.symbolic_name" value="J3_PIN21"/>
    <symbolicName propertyId="p611.symbolic_name" value="ARDUINO_GPIO_CLK"/>
    <symbolicName propertyId="p612.symbolic_name" value="J3_PIN23"/>
    <symbolicName propertyId="p613.symbolic_name" value="ARDUINO_TXD"/>
    <symbolicName propertyId="p614.symbolic_name" value="ARDUINO_RXD"/>
    <symbolicName propertyId="p700.symbolic_name" value="J4_PIN9"/>
    <symbolicName propertyId="p701.symbolic_name" value="J4_PIN7"/>
    <symbolicName propertyId="p702.symbolic_name" value="J4_PIN5"/>
    <symbolicName propertyId="p703.symbolic_name" value="J4_PIN3"/>
    <symbolicName propertyId="p704.symbolic_name" value="J4_PIN1"/>
    <symbolicName propertyId="p705.symbolic_name" value="J2_PIN39"/>
    <symbolicName propertyId="p708.symbolic_name" value="J2_PIN7"/>
    <symbolicName propertyId="p709.symbolic_name" value="J2_PIN11"/>
    <symbolicName propertyId="p710.symbolic_name" value="J2_PIN13"/>
	<symbolicName propertyId="p711.symbolic_name" value="J2_PIN15"/>
    <symbolicName propertyId="p712.symbolic_name" value="ARDUINO_GPIO_PWM"/>
    <symbolicName propertyId="p713.symbolic_name" value="ARDUINO_GPIO"/>
    <pincfg active="true" name="RA6M4 CPK" selected="true" symbol="g_bsp_pin_cfg">
      <configSetting altId="adc0.an00.p000" configurationId="adc0.an00"/>
      <configSetting altId="adc0.an01.p001" configurationId="adc0.an01"/>
      <configSetting altId="adc0.an02.p002" configurationId="adc0.an02"/>
      <configSetting altId="adc0.an03.p003" configurationId="adc0.an03"/>
	  <configSetting altId="adc0.an04.p004" configurationId="adc0.an04"/>
	  <configSetting altId="adc0.an05.p005" configurationId="adc0.an05"/>
      <configSetting altId="adc0.mode.custom" configurationId="adc0.mode"/>
      <configSetting altId="cgc0.extal.p212" configurationId="cgc0.extal"/>
      <configSetting altId="cgc0.mode.mainsub" configurationId="cgc0.mode"/>
      <configSetting altId="cgc0.xtal.p213" configurationId="cgc0.xtal"/>
      <configSetting altId="debug0.mode.jtag" configurationId="debug0.mode"/>
      <configSetting altId="debug0.tck.p300" configurationId="debug0.tck"/>
      <configSetting altId="debug0.tdi.p110" configurationId="debug0.tdi"/>
      <configSetting altId="debug0.tdo.p109" configurationId="debug0.tdo"/>
      <configSetting altId="debug0.tms.p108" configurationId="debug0.tms"/>
      <configSetting altId="iic1.mode.enabled.a" configurationId="iic1.mode"/>
      <configSetting altId="iic1.scl.p512" configurationId="iic1.scl"/>
      <configSetting altId="iic1.sda.p511" configurationId="iic1.sda"/>
	  <configSetting altId="irq0.irq00.p105" configurationId="irq0.irq00"/>
      <configSetting altId="irq0.irq11.p006" configurationId="irq0.irq11"/>
	  <configSetting altId="irq0.irq14.p505" configurationId="irq0.irq14"/>
      <configSetting altId="irq0.irq15.p506" configurationId="irq0.irq15"/>
      <configSetting altId="irq0.mode.enabled" configurationId="irq0.mode"/>
      <configSetting altId="p000.asel" configurationId="p000"/>
      <configSetting altId="p000.gpio_mode.gpio_mode_an" configurationId="p000.gpio_mode"/>
      <configSetting altId="p001.asel" configurationId="p001"/>
      <configSetting altId="p001.gpio_mode.gpio_mode_an" configurationId="p001.gpio_mode"/>
	  <configSetting altId="p002.asel" configurationId="p002"/>
      <configSetting altId="p002.gpio_mode.gpio_mode_an" configurationId="p002.gpio_mode"/>
      <configSetting altId="p003.asel" configurationId="p003"/>
      <configSetting altId="p003.gpio_mode.gpio_mode_an" configurationId="p003.gpio_mode"/>
      <configSetting altId="p004.asel" configurationId="p004"/>
      <configSetting altId="p004.gpio_mode.gpio_mode_an" configurationId="p004.gpio_mode"/>	  
      <configSetting altId="p005.asel" configurationId="p005"/>
      <configSetting altId="p005.gpio_mode.gpio_mode_an" configurationId="p005.gpio_mode"/>
	  <configSetting altId="p006.irq0.irq11" configurationId="p006"/>
      <configSetting altId="p006.gpio_irq.gpio_irq_enabled" configurationId="p006.gpio_irq"/>
      <configSetting altId="p006.gpio_mode.gpio_mode_irq" configurationId="p006.gpio_mode"/>
      <configSetting altId="p006.gpio_pupd.gpio_pupd_ip_up" configurationId="p006.gpio_pupd"/>
	  <configSetting altId="p008.output.low" configurationId="p008"/>
      <configSetting altId="p008.gpio_mode.gpio_mode_out.low" configurationId="p008.gpio_mode"/>
	  <configSetting altId="p014.output.low" configurationId="p014"/>
      <configSetting altId="p014.gpio_mode.gpio_mode_out.low" configurationId="p014.gpio_mode"/>
	  <configSetting altId="p015.output.low" configurationId="p015"/>
      <configSetting altId="p015.gpio_mode.gpio_mode_out.low" configurationId="p015.gpio_mode"/>
      <configSetting altId="p105.irq0.irq00" configurationId="p105"/>
      <configSetting altId="p105.gpio_irq.gpio_irq_enabled" configurationId="p105.gpio_irq"/>
      <configSetting altId="p105.gpio_mode.gpio_mode_irq" configurationId="p105.gpio_mode"/>
      <configSetting altId="p106.output.low" configurationId="p106"/>
      <configSetting altId="p106.gpio_mode.gpio_mode_out.low" configurationId="p106.gpio_mode"/>
      <configSetting altId="p108.debug0.tms" configurationId="p108"/>
      <configSetting altId="p108.gpio_mode.gpio_mode_peripheral" configurationId="p108.gpio_mode"/>
      <configSetting altId="p109.debug0.tdo" configurationId="p109"/>
      <configSetting altId="p109.gpio_mode.gpio_mode_peripheral" configurationId="p109.gpio_mode"/>
      <configSetting altId="p110.debug0.tdi" configurationId="p110"/>
      <configSetting altId="p110.gpio_mode.gpio_mode_peripheral" configurationId="p110.gpio_mode"/>
      <configSetting altId="p202.spi0.miso" configurationId="p202"/>
      <configSetting altId="p202.gpio_mode.gpio_mode_peripheral" configurationId="p202.gpio_mode"/>
      <configSetting altId="p203.spi0.mosi" configurationId="p203"/>
      <configSetting altId="p203.gpio_mode.gpio_mode_peripheral" configurationId="p203.gpio_mode"/>
      <configSetting altId="p204.spi0.rspck" configurationId="p204"/>
      <configSetting altId="p204.gpio_mode.gpio_mode_peripheral" configurationId="p204.gpio_mode"/>
      <configSetting altId="p205.spi0.ssl0" configurationId="p205"/>
      <configSetting altId="p205.gpio_mode.gpio_mode_peripheral" configurationId="p205.gpio_mode"/>
      <configSetting altId="p212.cgc0.extal" configurationId="p212"/>
      <configSetting altId="p212.gpio_mode.gpio_mode_peripheral" configurationId="p212.gpio_mode"/>
      <configSetting altId="p213.cgc0.xtal" configurationId="p213"/>
      <configSetting altId="p213.gpio_mode.gpio_mode_peripheral" configurationId="p213.gpio_mode"/>
      <configSetting altId="p300.debug0.tck" configurationId="p300"/>
      <configSetting altId="p300.gpio_mode.gpio_mode_peripheral" configurationId="p300.gpio_mode"/>
      <configSetting altId="p407.usbfs0.vbus" configurationId="p407"/>
      <configSetting altId="p407.gpio_mode.gpio_mode_peripheral" configurationId="p407.gpio_mode"/>
      <configSetting altId="p410.spi1.miso" configurationId="p410"/>
      <configSetting altId="p410.gpio_mode.gpio_mode_peripheral" configurationId="p410.gpio_mode"/>
      <configSetting altId="p411.spi1.mosi" configurationId="p411"/>
      <configSetting altId="p411.gpio_mode.gpio_mode_peripheral" configurationId="p411.gpio_mode"/>
      <configSetting altId="p412.spi1.rspck" configurationId="p412"/>
      <configSetting altId="p412.gpio_mode.gpio_mode_peripheral" configurationId="p412.gpio_mode"/>
      <configSetting altId="p413.spi1.ssl0" configurationId="p413"/>
      <configSetting altId="p413.gpio_mode.gpio_mode_peripheral" configurationId="p413.gpio_mode"/>
	  <configSetting altId="p414.output.low" configurationId="p414"/>
      <configSetting altId="p414.gpio_mode.gpio_mode_out.low" configurationId="p414.gpio_mode"/>
      <configSetting altId="p415.output.low" configurationId="p415"/>
      <configSetting altId="p415.gpio_mode.gpio_mode_out.low" configurationId="p415.gpio_mode"/>
      <configSetting altId="p500.usbfs0.vbusen" configurationId="p500"/>
      <configSetting altId="p500.gpio_mode.gpio_mode_peripheral" configurationId="p500.gpio_mode"/>
      <configSetting altId="p501.usbfs0.ovrcura" configurationId="p501"/>
      <configSetting altId="p501.gpio_mode.gpio_mode_peripheral" configurationId="p501.gpio_mode"/>
	  <configSetting altId="p503.output.low" configurationId="p503"/>
      <configSetting altId="p503.gpio_mode.gpio_mode_out.low" configurationId="p503.gpio_mode"/>
	  <configSetting altId="p504.output.low" configurationId="p504"/>
      <configSetting altId="p504.gpio_mode.gpio_mode_out.low" configurationId="p504.gpio_mode"/>
	  
	  <configSetting altId="p505.irq0.irq14" configurationId="p505"/>
      <configSetting altId="p505.gpio_irq.gpio_irq_enabled" configurationId="p505.gpio_irq"/>
      <configSetting altId="p505.gpio_mode.gpio_mode_irq" configurationId="p505.gpio_mode"/>
      <configSetting altId="p506.irq0.irq15" configurationId="p506"/>
      <configSetting altId="p506.gpio_irq.gpio_irq_enabled" configurationId="p506.gpio_irq"/>
      <configSetting altId="p506.gpio_mode.gpio_mode_irq" configurationId="p506.gpio_mode"/>
      <configSetting altId="p506.gpio_pupd.gpio_pupd_ip_up" configurationId="p506.gpio_pupd"/>
      <configSetting altId="p511.iic1.sda" configurationId="p511"/>
      <configSetting altId="p511.gpio_speed.gpio_speed_medium" configurationId="p511.gpio_drivecapacity"/>
      <configSetting altId="p511.gpio_mode.gpio_mode_peripheral" configurationId="p511.gpio_mode"/>
      <configSetting altId="p512.iic1.scl" configurationId="p512"/>
      <configSetting altId="p512.gpio_speed.gpio_speed_medium" configurationId="p512.gpio_drivecapacity"/>
      <configSetting altId="p512.gpio_mode.gpio_mode_peripheral" configurationId="p512.gpio_mode"/>
      <configSetting altId="p611.output.low" configurationId="p611"/>
      <configSetting altId="p611.gpio_mode.gpio_mode_out.low" configurationId="p611.gpio_mode"/>
      <configSetting altId="p613.sci7.txd" configurationId="p613"/>
      <configSetting altId="p613.gpio_mode.gpio_mode_peripheral" configurationId="p613.gpio_mode"/>
      <configSetting altId="p614.sci7.rxd" configurationId="p614"/>
      <configSetting altId="p614.gpio_mode.gpio_mode_peripheral" configurationId="p614.gpio_mode"/>
      <configSetting altId="p712.output.low" configurationId="p712"/>
      <configSetting altId="p712.gpio_mode.gpio_mode_out.low" configurationId="p712.gpio_mode"/>
      <configSetting altId="p713.output.low" configurationId="p713"/>
      <configSetting altId="p713.gpio_mode.gpio_mode_out.low" configurationId="p713.gpio_mode"/>      
	  <configSetting altId="sci7.mode.asynchronous.c" configurationId="sci7.mode"/>
      <configSetting altId="sci7.pairing.c" configurationId="sci7.pairing"/>
      <configSetting altId="sci7.rxd.p614" configurationId="sci7.rxd"/>
      <configSetting altId="sci7.txd.p613" configurationId="sci7.txd"/>
      <configSetting altId="spi0.miso.p202" configurationId="spi0.miso"/>
      <configSetting altId="spi0.mode.enabled.free" configurationId="spi0.mode"/>
      <configSetting altId="spi0.mosi.p203" configurationId="spi0.mosi"/>
      <configSetting altId="spi0.pairing.free" configurationId="spi0.pairing"/>
      <configSetting altId="spi0.rspck.p204" configurationId="spi0.rspck"/>
      <configSetting altId="spi0.ssl0.p205" configurationId="spi0.ssl0"/>
      <configSetting altId="spi1.miso.p410" configurationId="spi1.miso"/>
      <configSetting altId="spi1.mode.enabled.b" configurationId="spi1.mode"/>
      <configSetting altId="spi1.mosi.p411" configurationId="spi1.mosi"/>
      <configSetting altId="spi1.pairing.b" configurationId="spi1.pairing"/>
      <configSetting altId="spi1.rspck.p412" configurationId="spi1.rspck"/>
      <configSetting altId="spi1.ssl0.p413" configurationId="spi1.ssl0"/>
      <configSetting altId="usbfs0.mode.custom" configurationId="usbfs0.mode"/>
      <configSetting altId="usbfs0.ovrcura.p501" configurationId="usbfs0.ovrcura"/>
      <configSetting altId="usbfs0.vbus.p407" configurationId="usbfs0.vbus"/>
      <configSetting altId="usbfs0.vbusen.p500" configurationId="usbfs0.vbusen"/>
    </pincfg>
  </raPinConfiguration>
</raConfiguration>
