<?xml version="1.0" encoding="utf-8"?>
<raModuleDescription>
  <config id="config.board.ra6m4cpk" path="fsp_cfg/bsp/board_cfg.h" version="0">
    <content>#include "../../../ra/board/ra6m4_cpk/board.h"</content>
  </config>
  <board id="board.ra6m4cpk" display="CPK-RA6M4 MCU评估板 (LQFP144)" device="R7FA6M4AF3CFB" config="config.board.ra6m4cpk" version="0">
      <description>China Promotion kit for RA6M4 MCU Group</description>
      <capability id="capability.led"/>
  </board>
</raModuleDescription>